,body,label
0,"I am going to stop moderating and have turned my bots off, mechafuckboy, visualmod, and wsbvotebot. It's been fun and I did my best. We've run into another situation where the active mod team no longer trusts judgment and intentions of the person (people) at the top of the subreddit mod team. Judas 2.0.

No point in spending tons of time trying to do a good job if you're beholden to someone who doesn't give a shit. I may get removed for posting this but I wanted you to know why spam is going to start piling up.

I submit, for your consideration, the [extremely hard work of the top mod](https://i.gyazo.com/bd31d2f65b33c748790e3b65d1c56df0.png) who has driven a wedge into the mod team. A man who was good friends with the deposed founder of WSB. That's everything he's done since assuming control of the sub. All of it.

The stats page will continue to work until he kicks my bot accounts from the mod roster. I'm going inactive until something changes.

/u/swineflupandemic out. This feels pretty familiar. I won't delete my account this time. three names is too much.",Neutral
1,,Neutral
2,Haven't smelled a woman's ass in way too long and it's hurting my trades.,Neutral
3,Does eggnog taste like pepto bismol to anybody else? Or am I retarded,Neutral
4,SPY 450 EOY 2021 BET,Bull
5,I have a feeling futures are going to be blood red tonight. Anytime now...,Bull
6,"This did not age well.


https://www.reddit.com/r/ABCL_Investors_Club/comments/ka4js9/will_you_buy_on_ipo_day_or_wait_for_cool_down/?utm_source=share&amp;utm_medium=ios_app&amp;utm_name=iossmf


[From a ğŸ¤¡ who bought ABCL at 65]",Neutral
7,Feels like the weekend because I don't have work tomorrow. But then the market is still open so it is like a 2 for 1 party special.,Neutral
8,Alexa play love sosa by chief keef,Neutral
9,Iâ€™m going big into Li Auto tomorrow. Hope yâ€™all join me to the moon landing,Bull
10,I donâ€™t know even know what tf to buy,Neutral
11,i have baba 300c expiry june 2021 should i sell for 50-80% loss fuck me fuck,Bear
12,Average down with more calls but shorter expiry and with margin if possible,Neutral
13,Whatâ€™s going on with wsb why would it be closing?,Neutral
14,ICLN to the mf moon,Bull
15,Just bought baba shares yesterday. Do I diamond hand it??,Neutral
16,same and yes,Neutral
17,yeah,Neutral
18,ğŸğŸğŸğŸ gang ğŸ¤™ğŸ¤™ğŸ†’ğŸ†’,Neutral
19,Why do people pay for porn???,Neutral
20,Higher quality. Easier access. Sometimes personalized,Neutral
21,ğŸ¤¡ğŸ¤¡ğŸ¤¡,Neutral
22,Pump or dump tomorrow? I think early pump? Then ğŸ„ dump.,Bear
23,depends on brexit deal and stimulus vote,Neutral
24,ICLN 7/16 too far out?,Neutral
25,"just checking in tonight, is this the end of WSB",Neutral
26,GME guy the type of dude to hold even though the company got delisted,Neutral
27,We never take losses ğŸ’¯,Neutral
28,BABA puts ğŸ¤¡ğŸ¤¡,Bull
29,GME is gonna splooge all over tomorrow. Open is going to be crazy with the shorts needing to cover and the ğŸ§» handed selling before liftoff,Bull
30,"I vote to one time $10,000 UBI",Neutral
31,Why do people bitch so much about taxes? Like yeah they suck but youâ€™re still going to end up with more money than u started with.,Neutral
32,Because taxes are illegal and against the constitution. We broke away from the damn Brits over it,Neutral
33,As long as you have a LLC and youâ€™re willing to risk potentially getting youâ€™re ass gaped In prison taxes arenâ€™t really a big deal.,Neutral
34,  Ho Lee Fuk GME Bears are fuk,Bull
35,they need to bring that gme batman meme back. gold,Neutral
36,Gangs of London is kinda badass,Neutral
37,wot is tis?,Neutral
38,Streaming on prime video.,Neutral
39,tv show?,Neutral
40,We need to lock up mango and move tf on with our lives.,Neutral
41,For what you dumb fuck,Neutral
42,"Come back pikachu, Gooooooo EV!!!!!",Neutral
43,Do you think China will jet Jack Ma keep his penis at least or no?,Neutral
44,Average down on my baba leaps tomorrow ğŸ¥º,Bear
45,"SSSSSssssssSsssssSssssss...

Buy ICLN calls ğŸ",Bull
46,"also consider c-l-n-e

disclaimer: I know nothing about the company except it has the words ""clean energy"" in its name.",Neutral
47,ICLN going up up and away,Bull
48,Dow back above 30k ğŸ¤©,Bull
49,Ban,Neutral
50,"Need XLE to return to 40 tomorrow.  BP recovered to last weeks price, XLE needs to follow",Neutral
51,positions?,Neutral
52,We live in a world where in one year you could have created generational wealth selling butthole and feet pics and throwing the proceeds into high risk positions in the stock market,Neutral
53,Sadly this fact will be lost to history,Neutral
54,Tell me my April BABA 300 are safe??  ğŸ¤ğŸ»ğŸ¤ğŸ»,Bear
55,"you good bro.

^(rip this guy)",Neutral
56,Is LGVW gonna dip?,Neutral
57,"So, Iâ€™m kinda bummed out thinking that volatility is going to be much less ummm volatile in 2021?  Will make this sub, and life in general, less exciting.  
Someone just tell me volatility isnâ€™t going away, and we are gonna do it all over again in March 2.0??",Neutral
58,First stage is denial,Neutral
59,"It's not going anywhere bud. The year is going to be the ""recovery"" with lots of big news and movements with reopening mania. We'll be alright in the chaos. Enjoy the ride",Bull
60,"Itâ€™s really unfortunate knowing that March scenario will never play out like that again. Bunch of people got so fucking wealthy and Iâ€™m not one of them, but we all could have been",Neutral
61,"haha my SPY calls are fucked and that $600 stimulus check wont even come, thank you ğŸ¥­",Bear
62,Peasant problems,Neutral
63,Name checks out,Neutral
64,ARKK Put Credit Spreads and PLTR calls baby Iâ€™m HAWNGRY,Bull
65,What if Cramer was the mod and we hurt his feelings?,Neutral
66,If I hear 'is GME squeezing yet' one more time I'm going to combust. Just buy it and shut up.,Bull
67,#GME SHORT SQUEEZE,Bull
68,You just killed a guy. How does it feel?,Neutral
69,Short squeeze!!,Bull
70,All these millionaires coming out of the woodwork like whoa,Neutral
71,[deleted],Neutral
72,Sum Ting Wong,Neutral
73,Ho Lee Fuk,Neutral
74,Phuk Dat Ho,Neutral
75,Watching tosh stand up to keep my head in the game,Neutral
76,Europoors do you want to make yourselves useful and drill a little,Neutral
77,cash gang in shambles,Neutral
78,[deleted],Neutral
79,hookers are cheap in this country,Neutral
80,Imagine being such an idiot with being cash gang,Neutral
81,Thatâ€™s me,Neutral
82,Where was the crash with the election?,Neutral
83,â€œIâ€™m sitting on the sidelines broâ€,Neutral
84,I'm cash gang occasionally everytime I take profits,Neutral
85,I was looking forward to some more twitter drama tonight tbh,Neutral
86,Jack Ma's body/head and bank account or you current self and bank account?? LETS FUCKING HEAR IT!!!,Neutral
87,Iâ€™ll go with jack ma! Iâ€™ll just buy myself a new head and body.,Neutral
88,Jack Maâ€™s body/head....my bank account!!! = just awful and sad and just real bad ğŸ˜”,Neutral
89,Orange man not signing and saying $2000 was actually a 250IQ play even pajama traders had to think about it for a couple hours.,Neutral
90,Straight up,Neutral
91,idk seems like a deliberate effort to destabilize the GOP for the runoff. if blue wins we will definitely see a crash of some sort,Neutral
92,for what purpose?,Neutral
93,Is it better to go to Japan in summer or Winter?,Neutral
94,Spring,Neutral
95,Anime cherry blossom gang,Neutral
96,Spring so you can see the cherry blossom,Neutral
97,Whatâ€™s going on with GME?,Neutral
98,Not much,Neutral
99,It's gonna go to the moon,Bull
100,They announced an EV,Neutral
101,Well it seems like weâ€™ll be fine as long as....... hold on someone needs two baconators,Neutral
102,"Fuck i sold naked puts on BABA. Well, time to find the nearest cliff to jump off",Bear
103,Why are you lying?  Proof or Ban.,Neutral
104,"Whose going to ban him?

There's no law around here anymore.",Neutral
105,Haha you silly bitch,Neutral
106,50x 250/245 put credit spreads for me.  whooooo fuck,Neutral
107,What do you expect the dollar damage to be?,Neutral
108,30k by open,Neutral
109,You didnt,Neutral
110,Username is apt,Neutral
111,A whole new generation of XL bagholders being born as we speak??,Neutral
112,Never ever fuck with Winnie the Poo. Jack Ma on his way to millionaire status,Neutral
113,"BULLISH TECH BULL MARKET UNTIL 2027


STAY IN THE MARKET AND GET RICH BOYS",Bull
114,"I wanna go to Japan one day, like 1-2 months vacation",Neutral
115,weeb alert,Neutral
116,Wear a martial arts costume and carry a blade around just like they do in anime.,Neutral
117,Anything else holding BABA just going to sell tmrw?,Neutral
118,I bought so many GME shares at 21.38 how screwed am I ğŸ˜¢,Bear
119,Wtf,Neutral
120,Absolutely fucked bro. But I still wish you the best of luck ğŸ™ğŸ¼,Neutral
121,Lol,Neutral
122,âœŠğŸ¼$25 tomorrow,Bull
123,sal good bb. Diamond hands. Don't listen to the bears. Have a snek. Gme snek gang. GANG GANG,Bull
124,So glad I didnâ€™t get into BABA yet. I donâ€™t know whatâ€™s going to happen in the next few months with it now.,Neutral
125,How does one get gold on this forum?,Neutral
126,Just say the 6 letter f word that ends with t.,Neutral
127,Ask elon himself,Neutral
128,ğŸ ğŸ ğŸ gang,Neutral
129,Glad mods are quitting.  Ass wipes banned me for a day for posting $81k PLTR win.,Neutral
130,Small potatoes we r big ballers round here,Neutral
131,he was the best mod,Neutral
132,Why?,Neutral
133,Puts on jack ma at open?,Neutral
134,r/tendietown?,Neutral
135,I hate myself for selling U to buy Amazon ğŸ¤¡ğŸ¤¡ğŸ¤¡ğŸ¤¡ğŸ¤¡ğŸ¤¡,Bear
136,AMZN has been a national tragedy the past two months,Neutral
137,*3 months,Neutral
138,"Iâ€™m almost out of coins now,canâ€™t give awards no more, have 95 coins left",Neutral
139,Jack Ma to Xi tomorrow â€œWi Tu Loâ€,Neutral
140,"Iâ€™m a big dog, big bear-",Neutral
141,"bro, Iâ€™m a lion",Neutral
142,Iâ€™m the predator of the ğŸŒˆ ğŸ» that is hiding,Neutral
143,amen ğŸ™,Neutral
144,"My MD is making me work tomorrow, little does he know I play robinhood and stare at charts all day",Neutral
145,you're allowed to trade? my gay firm restricts my acct,Neutral
146,So with ğŸ¥­ bouncing to Florida until the end of the year what happens when any bill doesnâ€™t get signed by Monday? â›„ï¸ gonna assume office?,Neutral
147,Means...,Neutral
148,"Sorry, but have a basic question.  What causes IV to drop quickly in the short term?  Is it volume based?  Or a call/put ratio change?  Neither?",Neutral
149,"If nobody wants to buy your option, itâ€™ll drop. If your option is in demand, itâ€™ll go up.",Neutral
150,"Usually around ER as it provides guidance and takes the guess work out if the equation
 Aka less vola",Neutral
151,When the demand for an option changes IV will spike/drop.,Neutral
152,Futes up but everyone here apparently only holding baba calls rip wsb.,Bear
153,What scanners do you guys use?,Neutral
154,wsb sentiment scanner,Neutral
155,wsb daily.,Neutral
156,Finviz,Neutral
157,MVIS new micropenis scanner,Neutral
158,Guts,Neutral
159,Multiple bong loads until I canâ€™t see straight,Neutral
160,Brother 2700T Max or CamScanner on iPhone,Neutral
161,"Epson photo 3000.. scans perfect pictures, lol",Neutral
162,Simple Jack,Neutral
163,Welp I guess Iâ€™m the last of the amazon gang. Proves im the dumbest,Bear
164,Iâ€™m underleveraged,Neutral
165,All I want for christmas is more tendies,Neutral
166,Buying puts on BABA second markets open expiring same day,Bear
167,alexa play invincible by tool,Neutral
168,É´á´á´¡ á´˜ÊŸá´€ÊÉªÉ´É¢: [TOOL - Invincible (Audio)   ](https://www.youtube.com/watch?v=hxsld16TjSU) â”€â”€â”€â”€â”€â”€â”€â”€â”€âšªâ”€â”€â”€â”€â”€ â—„â—„â €[â–¶](https://www.youtube.com/watch?v=hxsld16TjSU)â €â–ºâ–ºâ € 8:30 / 12:46 â € â”€â”€â”€â—‹ ğŸ”Š á´´á´° âš™ï¸,Neutral
169,And the sickest part is Iâ€™m still eyeing BABA like...more calls? ğŸ‘€,Bull
170,"Sell puts.

Free money.",Neutral
171,exp?,Neutral
172,I hear KFC in Japan is like 5 â­ï¸ food.,Neutral
173,"you donâ€™t know how powerful american brands are until u travel internationally

condolences",Neutral
174,They have it for holiday dinner.,Neutral
175,"It costs more realative to here in the US but no, its not 5 star food. it's American fast food. There is far better and just as convienient for less. Something America sadly lacks bigly, even in NYC to some degree. But you know, it's like the movie with the book stores. Fuckin, tom hanks and girl. she drinks a starbucks every day but is sad her mom and pop book store is going out of business because borders or whatever the surviving one is opened up down the street. fox books",Neutral
176,I have nothing.,Neutral
177,"Here ğŸ’µğŸ’µğŸ’µ

Buy anything you want",Neutral
178,"In the end, we really have nothing but our experiences on this planet.",Neutral
179,Imagine thinking Tesla is worth less than 60 billion,Bull
180,"Funny story. I manage a relatives' 401k and I put her into Tesla a few years ago. During the model 3 ramp, I knew of the money problems and held the position anyways.

I always thought that if Tesla were in real trouble, surely someone like Apple or Google would swoop in and buy the company dirt cheap if only for the IP they were developing. Guess I was wrong.",Bull
181,"Fuck, Baba calls actually might be the play tomorrow. Or Iâ€™m retarded",Bull
182,Itâ€™s pretty beat the fuck up,Neutral
183,Just might be.,Neutral
184,Leaps,Neutral
185,hey,Neutral
186,,Neutral
187,I just met you,Neutral
188,,Neutral
189,And this is crazy,Neutral
190,But hereâ€™s my number,Neutral
191,,Neutral
192,Hey,Neutral
193,Positions or ban retard,Neutral
194,This guy fucks,Neutral
195,"CRWD up +58% since this https://www.reddit.com/r/wallstreetbets/comments/k5ifwd/what_are_your_moves_tomorrow_december_03_2020/gef02ew/?context=3

How'd life been since?",Neutral
196,,Neutral
197,"I am going to stop moderating and have turned my bots off, mechafuckboy, visualmod, and wsbvotebot. It's been fun and I did my best. We've run into another situation where the active mod team no longer trusts judgment and intentions of the person (people) at the top of the subreddit mod team. Judas 2.0.

No point in spending tons of time trying to do a good job if you're beholden to someone who doesn't give a shit. I may get removed for posting this but I wanted you to know why spam is going to start piling up.

I submit, for your consideration, the [extremely hard work of the top mod](https://i.gyazo.com/bd31d2f65b33c748790e3b65d1c56df0.png) who has driven a wedge into the mod team. A man who was good friends with the deposed founder of WSB. That's everything he's done since assuming control of the sub. All of it.

The stats page will continue to work until he kicks my bot accounts from the mod roster. I'm going inactive until something changes.

/u/swineflupandemic out. This feels pretty familiar. I won't delete my account this time. three names is too much.",Neutral
198,,Neutral
199,"If Theirs one thing I learned, hold your fucking spaks

Looking at you LG VW",Neutral
200,How would you make a 1500% return? Without options. Just holding wouldn't you max make %50?,Neutral
201,"Penny stocks. Nothing will make AAPL a 300T company, but a 100M company can become a 10B company.",Neutral
202,"The flipside is that it can also become a $0 company much faster. This is called ""leverage"" and is a double edged sword. It's the same thing options gives you. Don't play penny stocks unless you really know something the rest of the market doesn't... that is to say, don't play penny stocks.

You can get better leverage with options and be more strategic if you learn how to use them right. I suggest digging around tastytrade on youtube or their website.",Neutral
203,I'm talking in the case of the tickers he used. Not some secret penny stock that is gonna go to the moon,Neutral
204,Only in this bizarre 2020 world would the president vetoing a relif bill be bullish,Neutral
205,KFConsole with built in tendie warmer is a game-changer,Neutral
206,"i want to make fun of it but also they are targeting a demo that is literally swayed by mt dew and doritos

calls on yum (the ticker not like a cute way to say i want stale gaming-chicken)",Bull
207,wtf happened to baba after hours,Bear
208,Butt fucked by Chinese government for anti-monolpy practices.,Neutral
209,In the taco bell drive thru.  Any of you ever gotten the $500 for doing the stupid survey?,Neutral
210,"I'm hoping FRHC is really the magic never-stop-going-up stock I believe it can be and not just a pump-and-dump I bought into at the top. It really feels like I didn't buy in at the top at all, the only thing really scaring me is the P/E ratio",Bull
211,Turn out that Trump tweet last night was the best thing for today market ğŸ˜‚,Neutral
212,Considering Keynesian US economics: Stimulus money after XMAS is weird.,Neutral
213,Is XL still a good play?,Neutral
214,"I bought late in the day so, no.",Neutral
215,Going to 60,Bull
216,But I can't buy $60 strike yet,Neutral
217,"60 min, diamond hands till 100",Neutral
218,I wish that retard wouldve took my $500 bet on GME esrlier,Bull
219,I call it the DD index. Buying every DD page you see and distributing the money by the number of DD's you see for the same company. So if TSLA has 3 of 10 DD's it gets 30% of the index.,Bull
220,So yeah 120% of the index,Neutral
221,BABA fucking me so much ğŸ˜¢,Bear
222,Hey I saw your gf on blacked,Neutral
223,"If tsla could stay above 640, that would be great.

I mean, if tesla dropped down to 500, I would still be in a great position given my price average, but I just like the nice round number that $640 gives me",Neutral
224,Iâ€™ll buy in at 5 hundo,Neutral
225,wtf caused that last min dip?,Bear
226,Retards pulling money to buy last minute Christmas presents for their ugly kids,Neutral
227,"All I want for Christmas is for pltr, lazr and lmnd to moon hard",Bull
228,"Trump, please just start signing those bills. The least you can do for yourself is not look like a big baby throwing a tantrum when you lost. You can tell everyone that you were once the leader of the free world, that should be enough.",Neutral
229,"Excuse me, I am already the best leader of free world in this entire planet.  
Also next president, who will be signing Jan bill.",Neutral
230,"bruh, have you seen him? Like, at all? nothing about him is ""do the right thing""",Neutral
231,WTF TIM APPLE,Neutral
232,Is the ğŸ endangered?,Neutral
233,Thoughts on BFT ?,Neutral
234,Yes,Neutral
235,"Was sadly on the sidelines today, but this spac just has way too much going for it to fail

Letâ€™s not forget the company they are acquiring paysafe owns neteller and skrill which essentially handles all gambling transactions worldwide",Neutral
236,And it also just got added to Microsoftâ€™s store and Xbox store. Microsoft isnâ€™t going to add a dud company to its store. It would have done tons of its on DD to make sure it was legit.,Bull
237,"Pretty much. ğŸš€ 

Letâ€™s hope this moons in 2021",Bull
238,WHY IS CRAMER THE TOP MOD HERE. WTF,Neutral
239,Wallstreetbets is now Cramerica,Neutral
240,Is microvision's ticker banned again now?  I got to refer it as mavis again? lol,Neutral
241,SOMEBODY TELL ME MY TSLA 700C DEC 31 CALLS ARE GOING TO BE OKAY.,Bear
242,It's gonna moon tomorrow no doubt,Bull
243,Thank you,Neutral
244,I have those. Bought today at 4.02. Godspeed brother.,Neutral
245,What should I put 5K in?,Neutral
246,PLTR,Bull
247,Iâ€™m riding that to the moonğŸš€ got in at 13,Bull
248,How much is question,Neutral
249,Never enoughğŸ¥µ,Neutral
250,TSLA,Neutral
251,try vu.zi,Neutral
252,SHMP,Neutral
253,"what's the move for tmrw? please i need help, tired of losing so much",Neutral
254,Just buy and hold QQQ for a while and get your mind right King.,Neutral
255,"SQ, FSR, or PLTR 12/31 30c",Bull
256,"Net 100C, buy while low",Neutral
257,Iâ€™ll help you out. Buy Pltr two years out and then delete the app,Bull
258,FEYE. Going to blow up over next 6 months!,Bull
259,"Join Game Gang, may be volatile tomorrow good for day trade but next week is when the big move up starts happenin",Neutral
260,"Search BFT and Paysafe and read a little. Awesome SPAC, still cheap. Microsoft just added them. It will be $20 by merger.",Bull
261,Hims (oa c) gonna be big time,Neutral
262,How fucked is my pltr 30c and gme 22c expiring tomorrow,Bear
263,royally,Neutral
264,"i wouldnt be too worried about pltr, they just broke the wedge today although they might retest it tmrw to see if they can validate it. Dont know to much about gme tho",Neutral
265,"both kinda fucked, tomorrow is half day I believe.",Bear
266,I think pltr is safe.  Who the fuck knows about gme.  It's pure meme.,Bull
267,gme has its own subreddit. lol,Neutral
268,"Like, for the stock or the Gamestop sub?",Neutral
269,yes for the stock lol,Neutral
270,Sub name ?,Neutral
271,$GME HAS FINALLY REACHED ITS TOP,Bull
272,Bro Cathie Aark has her own sub,Neutral
273,# puts on the mod team.,Bear
274,AMD never going to be this cheap again,Bull
275,Agree what a sip,Neutral
276,"Mon frere, join me and become tres riche. ğŸš¬ğŸğŸš¬ğŸ",Neutral
277,plenty of room to go on XL,Bull
278,If tesla doesnâ€™t break 650 tomorrow Iâ€™m gonna be sad ):,Bull
279,"WEIRD DAY TODAY

MARKET WAS GREEN.

BUT IT SURE DIDN'T FEEL LIKE IT.",Neutral
280,felt like that all week,Neutral
281,Was green and then immediate drop to flat,Neutral
282,Most of my gains came in the first hour. Mostly downhill from there.,Neutral
283,Omg just saw my pro analysts chart NIO This breakout is going to be really nice.,Neutral
284,"If I see a pro-NIO comment in the dailies, it's a 75% chance that it's you every time.",Neutral
285,Market open tomorrow ?,Neutral
286,Half day,Neutral
287,Mango Man is the Grinch! FTP,Neutral
288,Tesla do something :/,Neutral
289,Who bought GME at the top?,Neutral
290,Lol i did but Iâ€™m holding that bitch,Neutral
291,when the squezzz?,Neutral
292,"It'll hit $40 eventually, don't sweat it, unless you have  short dated calls then I don't know.",Neutral
293,Few months out so Iâ€™m not sweating it,Neutral
294,[deleted],Neutral
295,U r so fuk man,Neutral
296,"Because you wrote this, bears aren't getting shit tomorrow",Bear
297,I'd hate to be this guy,Neutral
298,"dude, you may need to seek some help",Neutral
299,PLTR just royally fucked me,Bear
300,By going down 40 cents over 2 hours?,Neutral
301,They thought it would hit $30 lmao,Neutral
302,by opening at 28.7 and closing at 28.62.,Neutral
303,Pretty sure you fucked yourself then.,Neutral
304,AAPL is trash. Fuckkkkkk,Bear
305,It's not tanking yet. Hold faith bruther,Bear
306,Apple is both a boomer and growth stock.,Neutral
307,So you mean ghey?,Neutral
308,It comes from the top down.,Neutral
309,So AAPL is big ghey?,Neutral
310,Is jeff bezos bald?,Neutral
311,***YES***,Neutral
312,It ran nearly $10 over 2 days and now pulls back a couple of bucks and it's trash?,Neutral
313,"Yeah because I bought the morning dip, it got my hopes up all day, and then tanked EOD.

Lol",Neutral
314,As of today Iâ€™ve made more selling covered calls on GME than I spent buying the stocks initially. Some of you retards get too caught up in daily moves and trying to 500x your money in 3 days. Just take the easy money and let your money work for you.,Bull
315,What strikes do you have out right now?,Neutral
316,12/24 25 strike. First time Iâ€™m a bit worried I might have to sell.,Neutral
317,"Cmon MGNI , hold the door!",Bear
318,"President Trump refused to sign a spending bill, and heâ€™s likely to get over ruled.  The real winners is anyone with just OTM puts bought today.",Neutral
319,A veto wouldn't surprise anyone. The real issue is that if he sits on the rest of the budget legislation until the government shuts down,Neutral
320,"How fucked am I CHWY 113 C 1/21/21, Nike 1/15/21 $150",Bear
321,Hahaha you and I are twins. I think we'll be okay,Neutral
322,"Hanging man candlestick on daily with confirmation today, following an uptrend, is a bearish sign if you believe in that stuff. 

Full disclosure I have iron condor with call wing at 90 so I benefit if you sell. Solid company overall tho will probably buy leaps when i can afford them and the stock is a little cheaper.",Bull
323,Lol is my phone glitching or did SPY really die at 3:50?,Neutral
324,People apparently think the stimulus bill was vetoed. It was the spending bill. Arguable just as or more important but still...,Neutral
325,Defense bill was always getting vetoed. I think some R are trying to revive $230 with the $2k checks.,Neutral
326,Revive $230? Iâ€™m also an R,Neutral
327,Section 230.,Neutral
328,no your phone isnt glitching we had a recession in the last 10 minutes,Neutral
329,"AAPL died, SPY died, SQQQ spiked.


Perfect day to go in on Apple leaps expecting a fucking continuation after that dip was bought, and then getting fucked literally the last 10 mins",Bear
330,ğŸ¥´,Neutral
331,Can we make PLUG the next meme stock for the sub and take a break from gamestop and tesla for a while?,Neutral
332,Plug already mooned,Bull
333,Itâ€™s been mooning. Made $430 on a $350 investment the last two trading days,Bull
334,Thatâ€™s what I said it already mooned. It jumped that much because it went up 11% in a day,Neutral
335,Exactly. In the coming days thereâ€™s going to be a nice chance to buy the dip when it consolidates. All we need to do is hype it up for a few days,Bull
336,If the ev hype dies down so does plug and it looks like it might be dying down right now. Iâ€™m about to buy some June cyclical stock calls on the next big red day instead of hoping for wsb to hype a stock,Neutral
337,"Eh. I think a tiny bit of the hype for EVs will die down...but in less than 5 years every single manufacture will have at least one fully electric EV offering. Iâ€™m guessing by the time I die ICE will only be seen in a certain work vehicles. 

Also, plug is supplying all of the fuel cells for the PIT equipment Amazon is using in its warehouses. Thereâ€™s also some speculation that Rivian will use plug in their EV as amazon is heavily invested in both companies.",Bull
338,Jeff holds 20% at PLUG options....,Bull
339,"Amazon will be opening around 90-100 smaller sort centers and delivery stations in the next 8-12 months, so itâ€™s possible we see them buying more plugpower fuel cells and devices to power their warehouse equipment",Bull
340,The hype for evs may stay but evaluation will most likely start to follow normal car companies instead of what we currently have,Bull
341,I join you boys lets go! PLUG to the fuckiiiingggg moooooooon,Bull
342,Where are the people who promised AAPL 140 EOW ğŸ˜”,Bear
343,One day left to moon,Bull
344,Canâ€™t fucking wait for steel crew to pop in 2021. Our day is coming lads ğŸ‘Š,Bull
345,"E*trade is designed to attract the average boomer, wanna make a deposit? Sure that will take 7 days for delivery sir have a nice day. ğŸ¤¡",Neutral
346,That's only for the first deposit. After that they give you the money instantly.,Neutral
347,Sweet alright,Neutral
348,Robinhood does the same bullshit with me,Neutral
349,Sign up for gold?,Neutral
350,"Go to Schwab, money is ready within one business day.",Neutral
351,"Dad: â€œWell kids, looks Iike weâ€™ll be eating that dog I got you for Christmas. I just paper-handed my calls.â€

Kids: â€œWe got a dog!?! And whatâ€™s paper hands?â€",Neutral
352,good calls or puts tmw?,Neutral
353,AAPL puts obviously,Bear
354,LOL goodluck,Neutral
355,LOL I have calls. But that would be a good play for tomorrow.,Bull
356,"5-10% gains every day will make you a millionaire very quickly

i'm fine with playing it smooth from here out. longer dated calls. no fomo. enter positions when it's smart.",Neutral
357,Who is this guy lmao you in the wrong sub bud.,Neutral
358,I tell myself this shit all the time and then get bored,Neutral
359,"This is the way. After nearly blowing up my account in August, I've made some real decent plays (held onto GLW 30c leaps + held PLTR 10c for over a month after IPO date) by mostly trusting my own research and only coming here for the laughs. Not going back to memeing. Once you learn spreads and have enough capital to sell calls to these retards, it gets even easier.",Neutral
360,why'd apple fall?,Neutral
361,Ghey,Neutral
362,Everything fell... people like to sell off before holidays..,Neutral
363,No itâ€™s because Trump vetoed the spending (not stimulus) bill,Neutral
364,What are Yall in that went red? You could've been on the moon if you just went all in on pltr ğŸ¤·â€â™‚ï¸,Bull
365,Massive L on the day tp hands killed me. New bet going tho and took out 2k but still tough evaporating gains,Bear
366,I am Pagliacci ğŸ¤¡,Neutral
367,Goddamn I love SPACS shit is free money.,Bull
368,,Neutral
369,"Seems almost too good to be true. Big upside, limited risk.",Neutral
370,I know I think these are all Iâ€™ll ever put my money in.,Neutral
371,"So many of them, not sure which ones to even put money in. I'm currently only in G-H-I-V.",Neutral
372,,Neutral
373,BFT has $20-$30 potential. Microsoft just added them to their store today but no one seemed to notice.,Bull
374,Do they have an expected merger date yet?,Neutral
375,,Neutral
376,Itâ€™s so WSB. Shame most of the tickers are banned.,Neutral
377,I know straight retarded.,Neutral
378,"VGAC options are available now, you gonna buy?",Neutral
379,I donâ€™t do options. I buy SPAC shares and if Iâ€™m wolf warrants.,Neutral
380,You gonna buy VGAC shares or warrants?,Neutral
381,Havenâ€™t looked into VGAC holding apex till closer to merger.,Neutral
382,,Neutral
383,I need goev to moon.,Neutral
384,"XL mooning, get that energy over to GOEV",Bull
385,Nice bleed up today for tech,Bear
386,"Now in on THCB, BFT and GOEV, let's GOOOOOOOOO!",Bull
387,Mr. Market is looking for a fresh fade for the holidays.,Neutral
388,"SPY 12/28 options exceptionally low.

worth to do diagonal spreads buying the 12/28 options and selling other dates with higher IV.",Bull
389,MP ready for ğŸš€,Bull
390,Why is amd dying,Bear
391,GOEV next EV stock easy money,Bull
392,I got a lot problems with you people and now you're gonna hear about it.,Neutral
393,VGAC options available!,Neutral
394,Ocugen you sweet slut keep mooooooooningggg,Bull
395,"Guys, don't just listen to people here. Do your DD, feel your vibe. Stroke your vibe. Don't doubt your vibe.

Don't get too greedy. Take them profits periodically.",Neutral
396,What are profits? You meant losses right??,Neutral
397,"Tomato, potato",Neutral
398,you guys are all posting in the wrong thread,Neutral
399,"God bless the diamond handed retards toiling in the GME mines, we are with you!",Bull
400,Any day trade plays,Neutral
401,Daily reminder that BABA is a bitch,Bear
402,PLTR just hit 30 already jesus,Bull
403,"Fomo'd into Thicc Boi, need a further dip in BIG FUCKING TENDIES to get in on that, then riding VLDR, THCB, BFT to the MOOOOON baby. My boomer stonks are doing work today and XOM calls.",Bull
404,Ryan Cohen saw Congress wasn't gettin in done and decided to pass his own stimulus for us,Neutral
405,"Who else in here about to short the fuck out of small caps after Christmas? RSI long term in almost every chart about to click into 80. Given the run theyâ€™ve had, really eyeballing the end of January $180 puts",Bear
406,Everything is printing today.,Bull
407,WPF to MARS,Bull
408,Thoughts on appl calls? $140 late January/feb or so,Bull
409,"Earnings are late Feb. they should kill, Iâ€™d look at March",Bull
410,Fuck $ba,Bear
411,Turns out FEYE puts weren't the move hahaha,Bull
412,NKLA is amazing fucking finally it takes a shit,Bull
413,if pltr can hover close to 29 for ah fuck couldn't even finish writing this comment,Bull
414,8k in PLTR calls for early Jan/ mid Jan I can feel the love ğŸ’ƒ,Bull
415,ğŸ­ğŸš€ again,Bull
416,"P ğŸš€
L ğŸš€
T ğŸš€
R ğŸš€",Bull
417,well I thought arkg was going to dip more but it seems this is at low as it goes bought some april calls,Bull
418,Cmon TSLA babyyyy,Bull
419,BABA slapped away the bears from the 252.50 support. But those gay fucks will be back no doubt.,Bull
420,I SLEPT THROUGH THE GME DIP HAAA,Bear
421,Wow I just panic sold my JD shares for no reason other than I was tired of looking at them....,Neutral
422,Iâ€™v done that.,Neutral
423,wrong thread you braindead morons,Neutral
424,Sold on GOEV [https://www.youtube.com/watch?v=9F\_W8pev4XQ&amp;feature=youtu.be](https://www.youtube.com/watch?v=9F_W8pev4XQ&amp;feature=youtu.be),Neutral
425,Well Iâ€™m down a bit,Neutral
426,imagine being the retard that sells apple for a loss this morning,Neutral
427,thats me paper handed my 135 for tomorrow,Neutral
428,So many people are pussies who sold when donny demanded 2k,Neutral
429,Donny wants the printer to go brrrr,Neutral
430,"Wrong thread, retards",Neutral
431,GME open today is taking years off my life,Neutral
432,Fuck Robinhood for not selling my options at market value asap,Neutral
433,what do you except your wearing leggings with a bow and arrow.,Neutral
434,We about to rally major after that sell off,Neutral
435,Damn look all these dumbasses selling apple,Neutral
436,"Fubo and microvision, wtf",Neutral
437,What did I say? No sting is bullish asf!,Neutral
438,i don't recall you saying that,Neutral
439,Look through my post history,Neutral
440,Every damn Bio company is moving up...excel PFE...what is the actual COVELL-2020 is going on?,Neutral
441,MY COCK IS ROCK FUCKIN HARD FOR TODAY,Neutral
442,VSAT recovery play,Bull
443,Yâ€™all degenerates really believe gme is going above 100?! How is that possible? The sceptic in me has been resistant to this meme but now Iâ€™m about to yolo my fomo before you fkrs get tendies without me...,Bull
444,What is this crap you're spewing...,Neutral
445,"Honest to god I think thereâ€™s still time to get in. Maybe it doesnâ€™t hit $100, but with a big enough short squeeze, it could easily double or more (and maybe hit $100, who knows)",Bull
446,That sounds extra retarded! ğŸ˜‚,Neutral
447,Futures just jumped after unemployment numbers down,Bull
448,Claims down,Neutral
449,Weekly unemployment down,Neutral
450,ARKG looking nice pre-market ğŸ˜Š,Bull
451,IPOC is one sexy looking slut today boys.,Bull
452,I see SPCE as having a price target of $42.86,Neutral
453,Based on what?,Neutral
454,"$GOEV all day. stock ticker has just changed after reverse merger via SPAC. I've been watching videos and couldn't see what the fuss was about until I watched one about how revolutionary the skateboard design really is. I get it now. the entire car operates through the floor. THey'll be able to place whatever structure they want to on top of it.

Shares, May Calls, Feb Calls, Warrants. All in. It should hit 30 by January, if not 40.",Bull
455,Link to video?,Neutral
456,https://youtu.be/9F_W8pev4XQ,Neutral
457,Iâ€™m getting leaps on this as soon as I can.,Bull
458,Buying Sony SNE apple and Tesla calls at open,Bull
459,Fuck tsla,Bear
460,Na apple is gonna work with them.,Neutral
461,Tim Apple is gonna dom Elon so hard,Neutral
462,Meaning ?,Neutral
463,Tim Apple is gonna fuck Elon in the bootyhole,Neutral
464,Explain how .,Neutral
465,"With no lube, raw dog till Elonâ€™s bleeding and begging",Neutral
466,Donâ€™t see it,Neutral
467,Why would they work with each other?,Neutral
468,,Neutral
469,bears have to be pretty frustrated now huh,Bull
470,"Nah, I bought way out. I was bullish till the stimmy came out. Then, just like that, I started thinking â€œMan that ğŸ» dudeâ€™s ass is looking hot af.â€ I may need conversion therapy.",Bear
471,"my only semi bearish position is UUP calls

i think it's a pretty safe way to bet",Bear
472,The old fucking thread,Neutral
473,Puts on Dash,Bear
474,Pltr new contract = me more tendies,Bull
475,So ready for this GME FOMO pump ğŸš€ğŸš€ğŸš€,Bull
476,Too late for a long position in PLTR and GME?,Bull
477,GME just getting started. Sure it woulda been better to buy when it was 12 last week but this got a lot more room to go,Bull
478,Whats the best call to buy?,Bull
479,Thank god my Tesla calls expire March and not January xD,Bull
480,IPOF and PSTH on watch today. Up in the pre-market. PSTH is 70% of current portfolio. When it pops it will be 99.9%.,Bull
481,"â€œApple seen partnering in electric vehicles with NIO, Tesla, Volkswagenâ€",Neutral
482,Who tf said that?,Neutral
483,"Good Morning team...what's the play for today?

I see FSLR is flying...what's the deal?",Bull
484,Need the next 1000x under $5. Any ideas?,Neutral
485,Green dildo,Neutral
486,"This is wall street, not small street",Neutral
487,ARKs and ICLN.,Neutral
488,"guys i want to implore you on mental health and really take care of yourself. sleep well and donâ€™t stress. the mind can manifest physically

i know i shitpost a lot but u boys need to take care",Neutral
489,Is it gay if I do a covered call on MVIS,Neutral
490,"GME goes up, can't explain that.",Bull
491,Everyone knows GME goes up.,Bull
492,Why do I never see $HASI in this sub. It lit only goes up,Bull
493,"Yep HASI, ICLN, BNE - all for clean energy plays",Bull
494,Have been buying HASI for 5 years and a lot more this year. Canâ€™t believe this sub hasnâ€™t caught on.,Bull
495,Iâ€™ve got ICLN as well,Bull
496,Too late to jump on this train?,Bull
497,No way. Not even close.,Neutral
498, Nasdaq just went red,Bear
499,Apple thoughts today? Go up or down,Neutral
500,It only goes up why ask!,Neutral
501,Ok,Neutral
502,Do people really come here and ask questions like this?,Neutral
503,Your name is cake loser,Neutral
504,"&gt;Go up or down

yes",Neutral
505,I hope that guy who went six figures deep on Micro V1sion early 2020 diamond handed the shit out of his shares.,Neutral
506,"If any of you soyboy cucks decide to paper hands and sell your GME shares today, I will be personally contacting your wifeâ€™s boyfriend and telling him to return your Nintendo switch you were supposed to get for Christmas.",Bull
507,[deleted],Neutral
508,"Lol, no. Most of those are stupid hype bubbles, yes. GME didnt move on Hedge Fubds talking them up. It moved on Cohen taking a real step to takeover. Maybe coupled with a tiny short squeeze, because GME is more shorted than there are shares. 

Read a DD sometime. And don't listen to Cramer, he's an idiot. Being loud doesnt make him smarter or better at picking stocks.",Neutral
509,I'm feelin a 5%+ move today for pltr,Bull
510,"I rode the TSLA &amp; AAPL stock split and went from 3k -&gt; 35K and then Masayoshi Son fucked me the week that followed. Went back down to 15K in the September correction, in a matter of days, and decided to take a break. 


Put all I had into ARKK, ARKG, SQ, and ROKU stocks and didn't open RH for two months.


moral of the story, dont be stupid, dont give up and sometimes you just need to take a little break and a shit ton of luck.

also, owning stocks can be fun, don't let any autist tell you otherwise.",Bull
511,Lolwut,Neutral
512,I turn all option gains into stocks. Sometimes I even put it into VTI this sub is gonna kick me out,Neutral
513,How much are you up now?,Neutral
514,GUH,Neutral
515,Apple guh,Neutral
516,42 cents does not qualify as guh,Neutral
517,Apple guh,Neutral
518,Pussyb,Neutral
519,It does when 42 cents is worth billions in market cap,Neutral
520,So where are we putting our stimulus check,Neutral
521,into counting number of asian carp in cambodian lakes,Neutral
522,carp,Neutral
523,nio,Neutral
524,ICLN,Neutral
525,PLTR will break 30 today boys ğŸš€ğŸš€ğŸ’ğŸ™Œ,Bull
526,So lucky to have solar. But riot and Mara gonna kill me,Neutral
527,They were looking so good but just fell off a damn cliff,Neutral
528,SPCE lowkey bout to move again,Bull
529,Of course. Cuz I sold Monday,Neutral
530,Thatâ€™s what I was thinking calls at Open,Bull
531,What days are the markets closed for Christmas/New Years?,Neutral
532,Dec 25th and Jan 1st...ğŸ¤¦,Neutral
533,BIG IF TRUE,Neutral
534,Lmao even the premarket is bipolar for Palantards. It jumped like 1.5% just now,Neutral
535,I thought X was gonna give it to ya. But X is actually giving it to me.... it hurts,Neutral
536,no lube?,Neutral
537,Lube canâ€™t melt steel beams,Neutral
538,steel is tough...youll make it though. merry christmas,Neutral
539,PLTR or ArkG?,Neutral
540,Arkg,Neutral
541,"PLTR, no doubts. ETFs are for boomers",Bull
542,I'm holding 1k shares of it while watching ArkG party on their yacht,Bull
543,For what purpose options shares or both? PLTR more volatile for options. Arkg or crsp is the future so hold that shit and donâ€™t let go.,Bull
544,"Shares, need to double my money in 1 year",Neutral
545,Why not both?,Neutral
546,Why doesn't PLTR just shoot up to 100 so I dont have to choose?,Bull
547,Fb 270c free money,Bull
548,Is there a more beautiful 1year chart than SQ? Shit is too consistent,Bull
549,"ROKU.

im long on both

2021 will be huge for both(stock-split, S&amp;P)",Bull
550,Buncha disrupters joining the big boys club? I likey.,Neutral
551,What the hell is happening to m a r a and r i o t?,Neutral
552,Are they dropping? Its not showing on Webull or Robimhood yet?,Neutral
553,Trump can't veto the $600 stimmy for those worried the $600 might end up vetoed. Hes just asking for 2000 but if not it'll still go forward.,Neutral
554,"Yeah,  get both. Need 2600",Neutral
555,"He can veto it just fine. And he's pissed at McConnell, and pissed that he lost the election. If he wants to burn Congress to the ground by trying to get me 2k, I'll bring marshmallows.",Neutral
556,Not his money hes trying to give out,Neutral
557,been holding sq since 90$ and even i have no idea why itâ€™s 247 rn lmao,Bull
558,"Like 2 months ago I have PLUG 14c 1/15/21. Sold them at $19 and make 5k. 


They would be worth 43k today.",Neutral
559,,Neutral
560,,Neutral
561,"Damn, yahoo is reporting that at least 55% of Americans support canceling up to 50K in student loans and more than 60% if itâ€™s only 20K. My question is whoâ€™s paying for that and what about people with no student loans? Will my calls go bigly up as well?",Neutral
562,Whatâ€™s poppin,Neutral
563,PLUG IS GOJNG FOR ANOTHER ROUND,Bull
564,Iâ€™m new to this and just starting out. Got a tiny bit of money to play with. Any YOLOâ€™s yâ€™all like with $500 to go with?,Neutral
565,MARA Calls or MRNA Puts,Neutral
566,SPY gonna tank or moon on this new stimulus new?,Neutral
567,my calls are DOWN,Bear
568,"was looking rough at -.5%

thanks pelosi â¤",Bear
569,"Even Kim Jung IL, master of all, a man/god who once shot -38 on Pyongyang golf course would have said that Emperor Cohen is a formidable leader...take GME into the future dear leader Cohen...â€‹â€‹",Neutral
570,yolo here,Neutral
571,VLDR anyone?,Neutral
572,I'm making bank on ğŸš¬ğŸ,Neutral
573,"Trump saved my puts!!!

I never thought the pump himself would help a ğŸŒˆ ğŸ»!",Bear
574,ğŸ¥­ in chief,Neutral
575,Those real pussy puts,Neutral
576,Trump was like that shit didn't move the market..... Lets triple it.,Neutral
577,"Aight, hear me out. I'm a new retard here and need other retards to tell me the nearest events and shit for PLTR. I'm gonna YOLO into this bad boy and ain't selling any time soon. Hope I'm not too late for the ride **ğŸš€ğŸš€ğŸš€** buy now or wait for possible dip in next 2 months?

TO THE MOON **ğŸš€ğŸš€ğŸš€ğŸš€ğŸš€ğŸš€ğŸš€ğŸš€ğŸš€ğŸš€**",Bull
578,"The lock-up period bro. 

I own 119 pltr (paltry but I got ğŸ’ğŸ‘) , and either want to 1. Sell and immediately buy the likely huge dip within the three days after lockup exp, or 2. sell my position and buy options for Jan.

Looking for advice too.",Bull
579,What are you in at?,Neutral
580,"I'm in @ 64 shares, weaker than you and I got in at $31. Wondering what I should do - wait, or buy 1/21 options?",Neutral
581,"Ahaaa Trump said â€œfuck your stimulusâ€.

Wants everyone to get $2000",Neutral
582,"Trump is like go big or go home. If he gets his way, then one last massive pump.",Neutral
583,Jan,Neutral
584,Where the safe tendies at,Neutral
585,Grwg. For real. That shit goes up forever,Bull
586,Monthly calls?,Neutral
587,Monthly ITM,Neutral
588,ARK,Neutral
589,Iâ€™m thinking this too,Neutral
590,So what are we pumping tomorrow?,Neutral
591,$DBX,Neutral
592,"hey guys trumpy trump just rejected proposed stimulus bills and call it a disgrace, is there any movement expected from this action? Should we be panicking/ selling?",Neutral
593,"Been itching all day on vix.  Every fukkkin time this year the uvxy hit 10 bucks,  it rebounded like a spring so freakin hard 

https://www.reddit.com/r/wallstreetbets/comments/ki3745/daily_discussion_thread_for_december_22_2020/ggpxelt/?utm_source=share&amp;utm_medium=ios_app&amp;utm_name=iossmf&amp;context=3",Neutral
594,Next multi bagger meme stock ?,Neutral
595,"honestly, look at MGNI, only pre-wsb guys, imagine once we WSB load the boat.... GG its mooning!",Bull
596,Mini linzer tarts are top tier cookie.,Neutral
597,PLUG please 37 for my 12/24 weird call gamble,Neutral
598,Itâ€™s mooning bro,Neutral
599,Selling right at ipen,Neutral
600,Whoâ€™s on GME puts?,Bear
601,Buy a gun with or a free yolo with $600?,Neutral
602,Buy the gun first then when you yolo your 600 at a later date and lose it all you have the gun as back up hahaha kidding. Yolo 600 then buy two guns with the winnings.,Neutral
603,Looks like i may be able to get both,Neutral
604,"Just read a 2 week old comment on YouTube, this guy commented he was selling 90 covered calls of PLUG",Neutral
605,"Oh wow, 90 whole calls.",Neutral
606,You donâ€™t get it,Neutral
607,QS is almost at GM's market cap,Neutral
608,"I have lost 50% of my seed money in the last couple of months. I have learned many things. One of the most important things I have learned, is simply not to panic. 9/10s of the time when I think I screwed something up, it would have been a win had I just relaxed and waited.

So, thatâ€™s what I am doing. I am relaxing and waiting. Iâ€™m going to make failure come to me instead of the other way around.",Neutral
609,ğŸ’ğŸ–ğŸ¼,Neutral
610,Can't stop the train,Neutral
611,Which one,Neutral
612,Yes,Neutral
613,MP ğŸªğŸ¦¾,Neutral
614,[deleted],Neutral
615,The cult is for 12 years olds,Neutral
616,New thread retards,Neutral
617,Yes,Neutral
618,"Feel like I failed my portfolio today seeing everyoneâ€™s shit go to andromeda.

Only down $500 , meh ğŸ˜’",Neutral
619,positions?,Neutral
620,so if i have PLTR 29c 1/08 and it reaches 29 sometime before then will i be in the green or will theta eat that up?,Bull
621,"Check out this site man, will provide an estimate https://www.optionsprofitcalculator.com .",Neutral
622,most trading platforms list the break even price for expiration day. Your break even will be more than $29 because of the extrinsic value of the option.,Neutral
623,Look what happened to QS after merger. They initially went down. But then it sky rocketed. Itâ€™s all a risk but I like these two a lot.,Neutral
624,You talking about GOEV?,Neutral
625,Thanks my man!!,Neutral
626,ğŸš€ğŸš€ğŸš€ HIVE is mooning tomorrow ğŸš€ğŸš€ğŸš€,Bull
627,JMIA is the next SE is the next BABA is the next AMZN.,Bull
628,Baba doesnâ€™t move. Too bad,Bear
629,I concur,Neutral
630,ARKG only gaps up,Bull
631,Wrong thread you stupid fucking cunt,Neutral
632,The fuck are you going on about?,Neutral
633,WRONG THREAD M8,Neutral
634,YesğŸª,Neutral
635,Can r i o t and m a r a please go back up after hours. I feel like I have offended the stock gods by buying something related to hypecoin :|,Neutral
636,Got all my stop prices in on my options. And all my trailing sell orders in on my shares. Time to turn this shit show around! Gotta stop the bleeding ğŸ˜¢ğŸ˜…,Neutral
637,**PERMABULLS GET GUAC AT THE MEXICAN RESTAURANT BECAUSE WE ALWAYS BUY THE DIP**,Bull
638,My wife likes the queso.,Neutral
639,"She loves the dick queso, I can vouch for that",Neutral
640,Your wifeâ€™s boyfriend lets you eat with them?,Neutral
641,LETS GO SPCE.. LETS GO!,Bull
642,Fly baby fly!,Neutral
643,Are you retards still crying about palantir?? Go buy gme lol,Bull
644,"pleas PLTR fly again, just one more time. my whole portfolio is bet on you",Bull
645,This is the way,Neutral
646,"hope you got shares, not calls, so much premium on those options.",Neutral
647,i have both :(,Neutral
648,GME getting attacked after hours. Fuck Melvin,Bear
649,My puts need them to release a statement saying they are going 100% brick &amp; mortar,Bear
650,"Uh oh, I'm gonna have to do something",Neutral
651,"I got GME, PLTR, AAPL puts im praying on your downfall ğŸ˜ˆğŸ˜ˆğŸ˜ˆğŸ˜ˆ",Bear
652,Downvotes! Smear the queer ğŸ»,Neutral
653,How is no one talking about CRWD. It just continues to moon. Broke through $200 and now it canâ€™t be stopped.,Bull
654,Rebought the shares 1 day after vaccine was announced. Booked 35% profit and the shares are up 65% again,Bull
655,"if I jump in now, it'll just dump on me",Bear
656,I reluctantly bought today. They're going or be big with the hack clean up.,Neutral
657,Want to jump on but Iâ€™m afraid when I do that will be the top,Neutral
658,If youâ€™re not buying RMâš¡ï¸G pre merger then what are you even in the stocks for? Huge battery company with tons of customers waiting and 0 debt. Get in or get lost. This should rocket past QS! Bulls on parade,Bull
659,Look what happened to CANOO and Desktop metals after merger... be careful,Bear
660,Look at QS tho,Neutral
661,Believe what? Canoo to $40? Go look at their vehicles. Wait till Joseph R. Says all electric. RMG is the future for sure. They should collaborate with QS as well to take over the battery sector.,Bull
662,This has a lot more room to grow.,Bull
663,Also - Canoo is going to be a $40 stock by February,Bull
664,"I donâ€™t doubt either company, but Iâ€™m careful with spacs now. After watching my 1400% gain on DM evaporate I cashed out of canoo and RM at around 800% just saying itâ€™s super risky to hold through the merger... many platforms are locked out and canâ€™t buy/sell the day of the ticker change so the big boys unload the shares. I will buy back into canoo in a few days",Neutral
665,How did you manage 800%??????,Neutral
666,Iâ€™ve been playing the spacs as early as possible. Itâ€™s risky but I research the merger vote and try to buy leaps that expire right after the vote. Since I knew all 3 were supposed to vote in q4 I played December 18 calls for them. With canoo I bought 17.50 calls back when the stock was around $12. I scooped them at .35 each and sold them at the top somehow for like 6.00,Neutral
667,Nice brother. I still like the chances of RMG making a big leap. Any insight why QS is mooning? And why RMG couldnâ€™t follow?,Bull
668,Honestly the QS run is ridiculous but sometimes you just gotta ride the wave. Itâ€™s retartedly overvalued but thatâ€™s just the market right now. As for RM-g Iâ€™ll be buying some puts as a lotto expecting a drop at the merger date and then I will hopefully roll those into leaps afterwards,Bull
669,Nice I like it. I think RMG will moon. Best of luck.,Bull
670,"Absolutely correct, even brokerages like Schwab have issues on ticker day change.

This reason alone I am very hesitant on holding SPACs through merger day.",Bear
671,Why do you believe that?!,Neutral
672,look what happened to XL fleet too after merger,Neutral
673,"Tell me more. Whatâ€™s the time frame for the leap? Hard to believe anything can do what QS has done. Would do anything to be on that ğŸš€ when it launched. 

Whatâ€™s the catalyst here? Iâ€™m a newb. So trying to absorb all the knowledge and wisdom I can find...",Neutral
674,Catalyst is Dec. 28 merger date (RMO) Romeo Power has solid products and long list of customers. Looking at a lot of revenue in the near future with some big time auto companies. Also- electricity is the new era we will live in. Might as well invest. Itâ€™s like oil in the 30â€™s imo.,Bull
675,GME only thing keeping me up in my small portfolio. Bought some dips today in NIO and PLTR. Guess weâ€™ll see how this goes.,Bull
676,just waiting for NIO day to come along,Bull
677,"I am long \~400K USD on NIO.  
I think everything is already baked in and we may see a dip (or flatline) on NIO day.

However, I am betting on a run up towards the event.  
I can see it at least breaking 50 before JAN 9th.",Bull
678,"Likelihood of PLTR reaching 35 by mid January?

List your odds here",Bull
679,69%,Neutral
680,Noice,Neutral
681,42%,Neutral
682,100%,Neutral
683,100%,Neutral
684,Palantir is giving me palanfear ğŸ˜¢,Neutral
685,Dry your palantears,Neutral
686,soon to be Palantears,Neutral
687,My fear of PLTR is why it can't fail. Literally Skynet.,Neutral
688,Nothing to fear if you have calls for February,Bull
689,"The fear of the value decreasing on the dollar is whatâ€™s going to hold this market up.

That shit is concrete; there will no â€œcorrectionâ€.

The rich are becoming more rich while the poor suffer. 

The gap is widening &lt;&lt;&lt;&lt;&lt;â€”â€” thatâ€™s the true evil nobody gonna talk about.

This government is all about dat dough yo!!!!",Neutral
690,"The dollar decreasing is holding the market up, not the fear. 

What happens when there is a lot of dollar demand again after other countries needing more dollars to buy oil for production. After all this is over and we get back to normal?

Dollar will rally and stocks will tank",Neutral
691,"new thread, retards",Neutral
692,Like to come here after work to see what I missed in the early day,Neutral
693,wishing all you retards some happy holidays &lt;3,Neutral
694,I have a feeling I am going to end up bag holding fubo ğŸ¤¢ğŸ¤®,Neutral
695,"Once they get an exclusive NFL or NBA contract tho.. 
ğŸ‘ğŸš€ğŸ‘ ğŸ‘ğŸ“ˆğŸ‘ ğŸ‘ğŸ’°ğŸ‘",Neutral
696,Once they get exclusive contracts with the ocho ğŸš€ğŸš€ğŸš€ğŸš€and thatâ€™s it Gme over for the ğŸŒˆğŸ»,Bull
697,When will that be though ğŸ¤”. It might dump before then which is scary,Bear
698,This is more fun than actually going outside.,Neutral
699,Today this sub beat the markets bigly markets are down but weâ€™re all mostly up lmao,Neutral
700,Where's the dude that YOLO'd 100k into MicroVision at the beginning of the year? Can you share some of that sexy gain porn after today?,Neutral
701,ThcğŸ @ 18,Neutral
702,"Sold at 17, hoping for a dip back before DA ğŸ˜£",Neutral
703,"If GME can get above and stay above 20.25 AH, it think we finally see the beginning of the end of those shorts.  We havent gotten that high for a sustained period yet.",Bull
704,That would be absurd after hours movement,Neutral
705,like 50-70 cents. it's possible.,Neutral
706,Unlikely,Neutral
707,Douche bank says pre covid life will not return In 2021 so I guess we just going straight up forever,Neutral
708,Mgni?,Neutral
709,Anybody do any shorts while selling cash covered puts today? Thought that was a solid move after crazy day like this,Neutral
710,Puts on DB,Bear
711,Bac should be 29.5+ tomorrow,Bull
712,"instead of wishing WSB ""happy holidays"" Im wishing that each and every one of you have hookers and cocaine rained down upon you like god's fire from the sky. (You may need a penicillin shot)",Neutral
713,THCBW +45%,Bull
714,"Step 1. Buy aapl
Step 2. sell the moment they reveal the vehicle",Neutral
715,What is MGNI doing AH?,Neutral
716,CNBC shill,Neutral
717,Of course I checked it out and was like damn,Neutral
718,Gotta enjoy these big green Dick days because in my experience after every big Green Day the day after is big red ğŸ˜”,Bull
719,Only green for wsb folk lol,Neutral
720,So Elon tried to sell the company when things got rough and told everyone to hold lol,Neutral
721,What happened? When? What? Who? Why? Derp,Neutral
722,https://twitter.com/elonmusk/status/1341485211209637889,Neutral
723,What?,Neutral
724,https://twitter.com/elonmusk/status/1341485211209637889,Neutral
725,Thanks!,Neutral
726,Everybody wants to sell the dip sometimes,Neutral
727,CHGG anyone?,Neutral
728,iâ€™ve given up on trying to time CHGG,Neutral
729,I mean sure I should have got out when I was 60% up. But what fun is that?,Neutral
730,"CTRL+F ""CLDR"" ... well ok then, just me and my tendies.",Neutral
731,"Right, its finger lickin good",Neutral
732,In :),Neutral
733,I missed my entry at 11:30 this morning :(,Neutral
734,FUCKING WAY UP ON CLDR MY MAN,Bull
735,"Fresh golden cloud shaped tendies, and more on the way",Bull
736,Bought tsla 1000 calls for the first time im one of you guys now,Neutral
737,,Neutral
738,Exp?,Neutral
739,"I got march monthlies so not wsb screenshot material, but we'll see how it goes",Neutral
740,,Neutral
741,12/24 obv,Neutral
742,,Neutral
743,it's green,Neutral
744,"Most of the stuff that's been mooning out of control is just on the brink of entering the overbought zone on the 1D timeframe or already has. Probably not a bad idea to take profits on stuff like CHWY, BLNK, PLUG, ETSY, Solar stocks, and the assortment of tech stuff that's been running hard.

Usually shit cools down once this happens, but not always (RDFN lmao). Wouldn't be surprised at all if they pull the rug on those stocks and switcheroo the money to another area.",Bear
745,"In this market, unless it's super overbought on the weekly, still plenty of room to run and even then, price could just go sideways for a while to bring those indicators down before resuming the moon mission.",Neutral
746,RIOT &amp; MARA...Buy Buy Buy,Neutral
747,Why,Neutral
748,"Im giving my brothers a QQQ each for Xmas, I guess theyâ€™ll be getting a good price.",Neutral
749,"Anyone else feel like all EVs will bleed this week in spite of Apple news? 

Apple has been a surprisingly dominant giant in whatever field they choose to participate in: phones, computers.

I wonâ€™t be surprised if Apple EVâ€™s are suddenly 1a/1b to Tesla in the long run. Even in China",Bull
750,I reckon we retest some support channels on SPY before going any higher. 357-362 perhaps.,Bear
751,It already went down to 358 premarket yesterday.,Bear
752,Puts on GME!,Bear
753,I had a really weird night. I woke up in the middle of the night with a sore throat and stuffy nose and felt like shit. Like the flu. I cleared everything out and went back to bed. Woke up at noon and I feel normal. I already had covid so maybe my antibodies fucked it up quickly?,Neutral
754,First solar $110 overnight,Bull
755,"[Chewy Co-Founder Cohen Takes 13% Stake in GameStop](https://www.thestreet.com/investing/ryan-cohen-chewy-13-percent-stake-gamestop)


Based",Neutral
756,Walgreens about to get delisted,Neutral
757,TRITTERS lets keep this shit above $10,Bull
758,Is GME still a buy?,Neutral
759,"Donâ€™t buy ATH like last time. Wait til it drops back down to sub-15

95% of the time FOMO makes you a bag holder.",Bear
760,QS AGAIN!!! ğŸš€ğŸš€ğŸš€ğŸš€ğŸš€ğŸŒ•ğŸŒ•ğŸŒ•,Bull
761,GENPREX over $7 soon come on ğŸš€ğŸš€,Neutral
